user_id,country,birth_date,payment_id,provider_id,provider_name,created_time,ok_time,error_time,direction,amount
1676026,JPN,1992-07-16T00:00:00Z,34849612,36,ecopayz_withdrawal,2022-05-01T00:36:14Z,,,withdrawal,62
1676026,JPN,1992-07-16T00:00:00Z,34973377,36,ecopayz_withdrawal,2022-05-03T06:08:42Z,,,withdrawal,33
1664431,JPN,2001-04-08T00:00:00Z,34965991,86,venuspoint,2022-05-02T23:23:14Z,2022-05-02T23:23:15Z,,deposit,100
1676026,JPN,1992-07-16T00:00:00Z,34803709,35,ecopayz,2022-04-30T10:09:57Z,2022-04-30T10:10:09Z,,deposit,50
1676026,JPN,1992-07-16T00:00:00Z,34972906,35,ecopayz,2022-05-03T05:54:32Z,2022-05-03T05:55:01Z,,deposit,30
1676026,JPN,1992-07-16T00:00:00Z,34616941,35,ecopayz,2022-04-27T15:06:32Z,2022-04-27T15:06:59Z,,deposit,30
1676026,JPN,1992-07-16T00:00:00Z,34849468,35,ecopayz,2022-05-01T00:31:13Z,2022-05-01T00:31:36Z,,deposit,50
1656301,SWE,1998-12-05T00:00:00Z,34757386,45,trustly,2022-04-29T16:15:10Z,,,deposit,1000
1663339,JPN,1992-11-19T00:00:00Z,34605427,35,ecopayz,2022-04-27T12:10:41Z,2022-04-27T12:11:15Z,,deposit,25
1664431,JPN,2001-04-08T00:00:00Z,34813981,87,venuspoint_withdrawal,2022-04-30T13:18:31Z,,,withdrawal,35
1676026,JPN,1992-07-16T00:00:00Z,34797817,35,ecopayz,2022-04-30T08:15:07Z,,,deposit,50
1676026,JPN,1992-07-16T00:00:00Z,34754785,35,ecopayz,2022-04-29T15:33:25Z,2022-04-29T15:33:52Z,,deposit,30
1676026,JPN,1992-07-16T00:00:00Z,34849306,41,apco,2022-05-01T00:25:15Z,2022-05-01T00:25:50Z,,deposit,50
1664431,JPN,2001-04-08T00:00:00Z,34622914,87,venuspoint_withdrawal,2022-04-27T16:24:23Z,,,withdrawal,170
1676026,JPN,1992-07-16T00:00:00Z,34802911,35,ecopayz,2022-04-30T09:52:59Z,2022-04-30T09:53:23Z,,deposit,50
1664431,JPN,2001-04-08T00:00:00Z,34813414,86,venuspoint,2022-04-30T13:08:37Z,2022-04-30T13:08:38Z,,deposit,30
1659820,SWE,1982-01-25T00:00:00Z,34706656,45,trustly,2022-04-28T19:27:58Z,2022-04-28T19:28:41Z,,deposit,100
1676026,JPN,1992-07-16T00:00:00Z,34804249,36,ecopayz_withdrawal,2022-04-30T10:20:57Z,,,withdrawal,89
1664431,JPN,2001-04-08T00:00:00Z,34966174,87,venuspoint_withdrawal,2022-05-02T23:29:36Z,,,withdrawal,112
1664431,JPN,2001-04-08T00:00:00Z,34621726,86,venuspoint,2022-04-27T16:07:24Z,2022-04-27T16:07:25Z,,deposit,100
1676026,JPN,1992-07-16T00:00:00Z,34617355,36,ecopayz_withdrawal,2022-04-27T15:11:58Z,,,withdrawal,44
1666345,FIN,1987-06-11T00:00:00Z,30920806,47,trustly_withdrawal,2022-02-16T11:05:31Z,,,withdrawal,1000
1666345,FIN,1987-06-11T00:00:00Z,30936085,47,trustly_withdrawal,2022-02-16T18:08:14Z,,,withdrawal,1000
1666345,FIN,1987-06-11T00:00:00Z,30937033,45,trustly,2022-02-16T18:29:37Z,2022-02-16T18:31:47Z,,deposit,500
1666345,FIN,1987-06-11T00:00:00Z,30938407,45,trustly,2022-02-16T19:02:37Z,2022-02-16T19:04:34Z,,deposit,500
1664431,JPN,2001-04-08T00:00:00Z,32648413,87,venuspoint_withdrawal,2022-03-22T23:02:03Z,,,withdrawal,1269
1664431,JPN,2001-04-08T00:00:00Z,32246146,86,venuspoint,2022-03-14T10:06:00Z,2022-03-14T10:06:02Z,,deposit,1350
1666345,FIN,1987-06-11T00:00:00Z,32237668,47,trustly_withdrawal,2022-03-14T01:41:20Z,,,withdrawal,300
1664431,JPN,2001-04-08T00:00:00Z,32246356,87,venuspoint_withdrawal,2022-03-14T10:12:59Z,,,withdrawal,1267
1666345,FIN,1987-06-11T00:00:00Z,32238115,45,trustly,2022-03-14T02:30:30Z,2022-03-14T02:32:39Z,,deposit,100
1666345,FIN,1987-06-11T00:00:00Z,32237836,45,trustly,2022-03-14T02:00:13Z,2022-03-14T02:02:24Z,,deposit,100
1666345,FIN,1987-06-11T00:00:00Z,32237515,45,trustly,2022-03-14T01:24:43Z,2022-03-14T01:26:56Z,,deposit,100
1666345,FIN,1987-06-11T00:00:00Z,32237395,45,trustly,2022-03-14T01:11:09Z,2022-03-14T01:13:37Z,,deposit,36
1666345,FIN,1987-06-11T00:00:00Z,32237731,45,trustly,2022-03-14T01:49:21Z,2022-03-14T01:51:40Z,,deposit,100
1666345,FIN,1987-06-11T00:00:00Z,32237950,45,trustly,2022-03-14T02:13:18Z,2022-03-14T02:15:40Z,,deposit,100
1659820,SWE,1982-01-25T00:00:00Z,28940056,47,trustly_withdrawal,2022-01-06T18:07:54Z,,,withdrawal,705
1659820,SWE,1982-01-25T00:00:00Z,28939936,47,trustly_withdrawal,2022-01-06T18:05:05Z,,,withdrawal,2005
1659820,SWE,1982-01-25T00:00:00Z,28939660,45,trustly,2022-01-06T17:57:50Z,2022-01-06T17:58:41Z,,deposit,100
1659589,SWE,1967-07-26T00:00:00Z,28927063,45,trustly,2022-01-06T12:38:47Z,2022-01-06T12:39:58Z,,deposit,200
1666345,FIN,1987-06-11T00:00:00Z,30850354,47,trustly_withdrawal,2022-02-14T16:56:36Z,,,withdrawal,50
1666345,FIN,1987-06-11T00:00:00Z,30834790,45,trustly,2022-02-14T09:39:10Z,2022-02-14T09:41:20Z,,deposit,50
1666345,FIN,1987-06-11T00:00:00Z,30839395,45,trustly,2022-02-14T12:03:26Z,2022-02-14T12:05:38Z,,deposit,15
1666345,FIN,1987-06-11T00:00:00Z,30836638,45,trustly,2022-02-14T10:41:11Z,2022-02-14T10:45:25Z,,deposit,100
1666345,FIN,1987-06-11T00:00:00Z,30833896,45,trustly,2022-02-14T09:07:43Z,2022-02-14T09:10:07Z,,deposit,50
1664431,JPN,2001-04-08T00:00:00Z,32206570,86,venuspoint,2022-03-13T09:39:08Z,2022-03-13T09:39:10Z,,deposit,1390
1664431,JPN,2001-04-08T00:00:00Z,32221369,86,venuspoint,2022-03-13T16:53:05Z,2022-03-13T16:53:07Z,,deposit,1360
1664431,JPN,2001-04-08T00:00:00Z,32219203,86,venuspoint,2022-03-13T15:56:31Z,2022-03-13T15:56:33Z,,deposit,1400
1664431,JPN,2001-04-08T00:00:00Z,32206828,87,venuspoint_withdrawal,2022-03-13T09:46:40Z,,,withdrawal,1401
1664431,JPN,2001-04-08T00:00:00Z,32221654,87,venuspoint_withdrawal,2022-03-13T17:00:07Z,,,withdrawal,1350
1664431,JPN,2001-04-08T00:00:00Z,32219587,87,venuspoint_withdrawal,2022-03-13T16:07:04Z,,,withdrawal,1373
1676026,JPN,1992-07-16T00:00:00Z,32217175,35,ecopayz,2022-03-13T15:06:53Z,2022-03-13T15:07:05Z,,deposit,30
1666345,FIN,1987-06-11T00:00:00Z,32196667,45,trustly,2022-03-13T00:23:25Z,2022-03-13T00:26:06Z,,deposit,100
1676026,JPN,1992-07-16T00:00:00Z,32217577,36,ecopayz_withdrawal,2022-03-13T15:16:43Z,,,withdrawal,38
1682458,JPN,1996-04-14T00:00:00Z,32232460,36,ecopayz_withdrawal,2022-03-13T21:36:13Z,,,withdrawal,77.1
1666345,FIN,1987-06-11T00:00:00Z,34117546,47,trustly_withdrawal,2022-04-18T18:54:12Z,,,withdrawal,90
1676026,JPN,1992-07-16T00:00:00Z,34108453,35,ecopayz,2022-04-18T15:06:49Z,2022-04-18T15:07:44Z,,deposit,30
1666345,FIN,1987-06-11T00:00:00Z,34110811,45,trustly,2022-04-18T16:04:26Z,2022-04-18T16:05:42Z,,deposit,80
1676026,JPN,1992-07-16T00:00:00Z,34108687,36,ecopayz_withdrawal,2022-04-18T15:12:24Z,,,withdrawal,30
1664431,JPN,2001-04-08T00:00:00Z,31896907,86,venuspoint,2022-03-06T15:10:46Z,2022-03-06T15:10:47Z,,deposit,30
1664431,JPN,2001-04-08T00:00:00Z,31897171,87,venuspoint_withdrawal,2022-03-06T15:15:47Z,,,withdrawal,35
1666345,FIN,1987-06-11T00:00:00Z,31904209,45,trustly,2022-03-06T17:53:48Z,2022-03-06T17:56:30Z,,deposit,200
1682458,JPN,1996-04-14T00:00:00Z,31875574,36,ecopayz_withdrawal,2022-03-06T03:36:27Z,,,withdrawal,77.1
1682458,JPN,1996-04-14T00:00:00Z,31875529,36,ecopayz_withdrawal,2022-03-06T03:34:16Z,,,withdrawal,77.1
1663339,JPN,1992-11-19T00:00:00Z,31245352,35,ecopayz,2022-02-23T15:27:00Z,2022-02-23T15:27:40Z,,deposit,20
1663339,JPN,1992-11-19T00:00:00Z,31227169,35,ecopayz,2022-02-23T04:18:43Z,2022-02-23T04:19:13Z,,deposit,30
1666345,FIN,1987-06-11T00:00:00Z,31261633,45,trustly,2022-02-23T22:13:50Z,2022-02-23T22:15:57Z,,deposit,40
1666345,FIN,1987-06-11T00:00:00Z,31253461,45,trustly,2022-02-23T18:47:03Z,2022-02-23T18:49:15Z,,deposit,350
1664431,JPN,2001-04-08T00:00:00Z,29200291,86,venuspoint,2022-01-12T16:01:04Z,,2022-01-12T16:01:05Z,deposit,120
1664431,JPN,2001-04-08T00:00:00Z,29200381,86,venuspoint,2022-01-12T16:02:57Z,,2022-01-12T16:02:58Z,deposit,120
1664431,JPN,2001-04-08T00:00:00Z,29200678,86,venuspoint,2022-01-12T16:10:22Z,,2022-01-12T16:10:23Z,deposit,120
1664434,SWE,2000-10-07T00:00:00Z,29182792,47,trustly_withdrawal,2022-01-12T04:53:30Z,,,withdrawal,201
1664950,FIN,1986-11-27T00:00:00Z,29201437,45,trustly,2022-01-12T16:29:01Z,,,deposit,25
1664434,SWE,2000-10-07T00:00:00Z,29182645,45,trustly,2022-01-12T04:43:19Z,,,deposit,100
1664950,FIN,1986-11-27T00:00:00Z,29202712,45,trustly,2022-01-12T17:01:14Z,2022-01-12T17:01:45Z,,deposit,100
1664950,FIN,1986-11-27T00:00:00Z,29203636,45,trustly,2022-01-12T17:23:11Z,2022-01-12T17:23:41Z,,deposit,100
1664950,FIN,1986-11-27T00:00:00Z,29203939,45,trustly,2022-01-12T17:30:37Z,2022-01-12T17:31:04Z,,deposit,100
1664950,FIN,1986-11-27T00:00:00Z,29201473,45,trustly,2022-01-12T16:29:45Z,2022-01-12T16:30:16Z,,deposit,100
1664950,FIN,1986-11-27T00:00:00Z,29201029,45,trustly,2022-01-12T16:18:36Z,2022-01-12T16:19:12Z,,deposit,100
1664950,FIN,1986-11-27T00:00:00Z,29201860,45,trustly,2022-01-12T16:38:12Z,2022-01-12T16:38:45Z,,deposit,100
1664950,FIN,1986-11-27T00:00:00Z,29203081,45,trustly,2022-01-12T17:09:35Z,2022-01-12T17:10:07Z,,deposit,100
1664434,SWE,2000-10-07T00:00:00Z,29182660,45,trustly,2022-01-12T04:45:08Z,2022-01-12T04:45:44Z,,deposit,100
1664431,JPN,2001-04-08T00:00:00Z,29692189,86,venuspoint,2022-01-23T08:27:44Z,2022-01-23T08:27:45Z,,deposit,255
1664431,JPN,2001-04-08T00:00:00Z,29686408,86,venuspoint,2022-01-23T01:59:27Z,2022-01-23T01:59:29Z,,deposit,11
1664431,JPN,2001-04-08T00:00:00Z,29687041,86,venuspoint,2022-01-23T02:41:03Z,2022-01-23T02:41:04Z,,deposit,41
1664431,JPN,2001-04-08T00:00:00Z,29690191,87,venuspoint_withdrawal,2022-01-23T06:48:17Z,,,withdrawal,97
1673404,JPN,1978-05-23T00:00:00Z,29707189,103,jpay_withdrawal,2022-01-23T16:03:34Z,,,withdrawal,105
1660777,SWE,2000-03-21T00:00:00Z,30790549,47,trustly_withdrawal,2022-02-13T04:16:10Z,,,withdrawal,200.6
1676026,JPN,1992-07-16T00:00:00Z,30806773,35,ecopayz,2022-02-13T15:01:02Z,2022-02-13T15:01:30Z,,deposit,30
1660777,SWE,2000-03-21T00:00:00Z,30790528,45,trustly,2022-02-13T04:13:46Z,2022-02-13T04:14:43Z,,deposit,100
1664431,JPN,2001-04-08T00:00:00Z,33391084,86,venuspoint,2022-04-04T10:20:32Z,2022-04-04T10:20:34Z,,deposit,100
1672693,SWE,1991-11-17T00:00:00Z,33391993,47,trustly_withdrawal,2022-04-04T10:44:13Z,,,withdrawal,100.2
1664431,JPN,2001-04-08T00:00:00Z,33391558,87,venuspoint_withdrawal,2022-04-04T10:31:59Z,,,withdrawal,83
1676026,JPN,1992-07-16T00:00:00Z,34029259,35,ecopayz,2022-04-16T15:11:51Z,2022-04-16T15:12:19Z,,deposit,30
1664431,JPN,2001-04-08T00:00:00Z,34028743,86,venuspoint,2022-04-16T14:59:41Z,2022-04-16T14:59:42Z,,deposit,30
1664431,JPN,2001-04-08T00:00:00Z,34029178,87,venuspoint_withdrawal,2022-04-16T15:09:36Z,,,withdrawal,34
1676026,JPN,1992-07-16T00:00:00Z,31120864,35,ecopayz,2022-02-20T15:03:02Z,2022-02-20T15:03:15Z,,deposit,30
1673842,SWE,1982-10-28T00:00:00Z,31101145,45,trustly,2022-02-20T01:59:31Z,,,deposit,1000
1666345,FIN,1987-06-11T00:00:00Z,31122850,45,trustly,2022-02-20T15:48:40Z,2022-02-20T15:50:23Z,,deposit,400
1676026,JPN,1992-07-16T00:00:00Z,31121989,36,ecopayz_withdrawal,2022-02-20T15:27:47Z,,,withdrawal,74
1664431,JPN,2001-04-08T00:00:00Z,34145323,86,venuspoint,2022-04-19T10:30:08Z,2022-04-19T10:30:10Z,,deposit,30
1664431,JPN,2001-04-08T00:00:00Z,34145890,87,venuspoint_withdrawal,2022-04-19T10:42:29Z,,,withdrawal,35
1683088,SWE,2002-08-28T00:00:00Z,30545752,47,trustly_withdrawal,2022-02-07T13:57:54Z,,,withdrawal,100
1680250,SWE,1957-08-26T00:00:00Z,30550042,45,trustly,2022-02-07T15:40:15Z,2022-02-07T15:40:57Z,,deposit,200
1680250,SWE,1957-08-26T00:00:00Z,30548686,45,trustly,2022-02-07T15:08:39Z,2022-02-07T15:09:31Z,,deposit,500
1676026,JPN,1992-07-16T00:00:00Z,30529789,36,ecopayz_withdrawal,2022-02-07T03:51:33Z,,,withdrawal,47
1663204,SWE,2001-03-21T00:00:00Z,29115442,45,trustly,2022-01-10T14:41:41Z,2022-01-10T14:42:44Z,,deposit,300
1663339,JPN,1992-11-19T00:00:00Z,30645607,36,ecopayz_withdrawal,2022-02-09T19:22:11Z,,,withdrawal,80
1664431,JPN,2001-04-08T00:00:00Z,33818977,86,venuspoint,2022-04-12T08:05:21Z,2022-04-12T08:05:22Z,,deposit,75
1664431,JPN,2001-04-08T00:00:00Z,33819160,87,venuspoint_withdrawal,2022-04-12T08:10:49Z,,,withdrawal,77
1665721,JPN,1985-05-25T00:00:00Z,29445220,100,jpay,2022-01-18T04:13:48Z,2022-01-18T08:33:45Z,,deposit,20
1665721,JPN,1985-05-25T00:00:00Z,29445280,100,jpay,2022-01-18T04:19:07Z,2022-01-18T04:25:55Z,,deposit,45
1666048,SWE,1988-05-28T00:00:00Z,29477446,45,trustly,2022-01-18T20:27:10Z,2022-01-18T20:27:54Z,,deposit,1000
1666048,SWE,1988-05-28T00:00:00Z,29478007,45,trustly,2022-01-18T20:38:28Z,2022-01-18T20:39:12Z,,deposit,500
1666048,SWE,1988-05-28T00:00:00Z,29476618,45,trustly,2022-01-18T20:08:23Z,2022-01-18T20:09:12Z,,deposit,500
1665397,JPN,1993-11-12T00:00:00Z,29484115,100,jpay,2022-01-18T23:02:11Z,2022-01-19T08:03:14Z,,deposit,30
1664431,JPN,2001-04-08T00:00:00Z,29460133,86,venuspoint,2022-01-18T13:48:18Z,2022-01-18T13:48:19Z,,deposit,120
1664431,JPN,2001-04-08T00:00:00Z,29463217,86,venuspoint,2022-01-18T15:04:26Z,2022-01-18T15:04:28Z,,deposit,30
1670284,SWE,1991-03-10T00:00:00Z,29463553,45,trustly,2022-01-18T15:10:44Z,2022-01-18T15:11:26Z,,deposit,500
1670284,SWE,1991-03-10T00:00:00Z,29475409,45,trustly,2022-01-18T19:40:38Z,2022-01-18T19:41:09Z,,deposit,140
1670284,SWE,1991-03-10T00:00:00Z,29462500,45,trustly,2022-01-18T14:47:11Z,2022-01-18T14:47:56Z,,deposit,500
1664431,JPN,2001-04-08T00:00:00Z,29445124,86,venuspoint,2022-01-18T04:05:04Z,2022-01-18T04:05:05Z,,deposit,120
1670266,SWE,1993-11-16T00:00:00Z,29461309,45,trustly,2022-01-18T14:19:23Z,2022-01-18T14:20:02Z,,deposit,100
1664431,JPN,2001-04-08T00:00:00Z,29457709,87,venuspoint_withdrawal,2022-01-18T12:34:56Z,,,withdrawal,236
1670284,SWE,1991-03-10T00:00:00Z,29467681,47,trustly_withdrawal,2022-01-18T16:44:48Z,,,withdrawal,2300
1665721,JPN,1985-05-25T00:00:00Z,29445217,100,jpay,2022-01-18T04:13:12Z,,,deposit,48
1665721,JPN,1985-05-25T00:00:00Z,29445199,100,jpay,2022-01-18T04:11:58Z,,,deposit,54
1665721,JPN,1985-05-25T00:00:00Z,29445211,100,jpay,2022-01-18T04:12:47Z,,,deposit,50
1665397,JPN,1993-11-12T00:00:00Z,29484058,100,jpay,2022-01-18T23:01:20Z,,,deposit,50
1664431,JPN,2001-04-08T00:00:00Z,29452768,87,venuspoint_withdrawal,2022-01-18T09:55:36Z,,,withdrawal,164
1670236,SWE,1993-12-07T00:00:00Z,29459749,45,trustly,2022-01-18T13:38:10Z,,,deposit,250
1661779,FIN,2002-05-10T00:00:00Z,30783304,47,trustly_withdrawal,2022-02-12T22:14:06Z,,,withdrawal,50
1676026,JPN,1992-07-16T00:00:00Z,30764374,36,ecopayz_withdrawal,2022-02-12T13:29:25Z,,,withdrawal,26
1664431,JPN,2001-04-08T00:00:00Z,34334800,86,venuspoint,2022-04-23T01:27:46Z,2022-04-23T01:27:47Z,,deposit,100
1664431,JPN,2001-04-08T00:00:00Z,34335064,87,venuspoint_withdrawal,2022-04-23T01:44:13Z,,,withdrawal,100
1671766,FIN,1970-11-17T00:00:00Z,29736850,45,trustly,2022-01-24T11:54:05Z,2022-01-24T11:55:51Z,,deposit,50
1671766,FIN,1970-11-17T00:00:00Z,29742355,45,trustly,2022-01-24T14:38:07Z,2022-01-24T14:39:49Z,,deposit,100
1671766,FIN,1970-11-17T00:00:00Z,29745448,45,trustly,2022-01-24T15:56:36Z,2022-01-24T15:58:05Z,,deposit,50
1675882,SWE,1997-07-29T00:00:00Z,29760604,45,trustly,2022-01-24T21:36:16Z,2022-01-24T21:36:46Z,,deposit,1000
1675882,SWE,1997-07-29T00:00:00Z,29759977,45,trustly,2022-01-24T21:20:19Z,2022-01-24T21:21:00Z,,deposit,1000
1675882,SWE,1997-07-29T00:00:00Z,29760466,45,trustly,2022-01-24T21:33:12Z,2022-01-24T21:33:43Z,,deposit,1000
1664431,JPN,2001-04-08T00:00:00Z,29731087,86,venuspoint,2022-01-24T08:25:20Z,2022-01-24T08:25:22Z,,deposit,110
1674874,JPN,1988-05-17T00:00:00Z,29727313,35,ecopayz,2022-01-24T04:17:58Z,2022-01-24T04:18:10Z,,deposit,500
1664431,JPN,2001-04-08T00:00:00Z,29766421,86,venuspoint,2022-01-24T23:36:17Z,2022-01-24T23:36:19Z,,deposit,112
1675918,SWE,1994-06-09T00:00:00Z,29762887,45,trustly,2022-01-24T22:44:13Z,2022-01-24T22:44:46Z,,deposit,500
1675918,SWE,1994-06-09T00:00:00Z,29762701,45,trustly,2022-01-24T22:37:40Z,2022-01-24T22:38:20Z,,deposit,500
1675918,SWE,1994-06-09T00:00:00Z,29762389,45,trustly,2022-01-24T22:27:04Z,2022-01-24T22:27:44Z,,deposit,500
1675918,SWE,1994-06-09T00:00:00Z,29765071,45,trustly,2022-01-24T23:17:55Z,2022-01-24T23:18:27Z,,deposit,500
1675918,SWE,1994-06-09T00:00:00Z,29764108,45,trustly,2022-01-24T23:06:50Z,2022-01-24T23:07:23Z,,deposit,500
1675918,SWE,1994-06-09T00:00:00Z,29763109,45,trustly,2022-01-24T22:51:23Z,2022-01-24T22:51:55Z,,deposit,500
1671766,FIN,1970-11-17T00:00:00Z,29738989,47,trustly_withdrawal,2022-01-24T12:58:28Z,,,withdrawal,100
1664431,JPN,2001-04-08T00:00:00Z,29731606,87,venuspoint_withdrawal,2022-01-24T08:45:42Z,,,withdrawal,168
1664431,JPN,2001-04-08T00:00:00Z,29766736,87,venuspoint_withdrawal,2022-01-24T23:40:48Z,,,withdrawal,144
1675471,JPN,1976-01-29T00:00:00Z,29740498,100,jpay,2022-01-24T13:43:35Z,,,deposit,50
1675471,JPN,1976-01-29T00:00:00Z,29740456,100,jpay,2022-01-24T13:42:01Z,,,deposit,50
1675471,JPN,1976-01-29T00:00:00Z,29737987,41,apco,2022-01-24T12:30:29Z,,2022-01-24T12:31:06Z,deposit,100
1664431,JPN,2001-04-08T00:00:00Z,32169334,86,venuspoint,2022-03-12T12:20:24Z,2022-03-12T12:20:26Z,,deposit,1370
1664431,JPN,2001-04-08T00:00:00Z,32173459,86,venuspoint,2022-03-12T14:12:40Z,2022-03-12T14:12:41Z,,deposit,1390
1664431,JPN,2001-04-08T00:00:00Z,32166589,86,venuspoint,2022-03-12T10:59:04Z,2022-03-12T10:59:11Z,,deposit,1330
1664431,JPN,2001-04-08T00:00:00Z,32170975,87,venuspoint_withdrawal,2022-03-12T13:08:43Z,,,withdrawal,1392
1664431,JPN,2001-04-08T00:00:00Z,32162506,87,venuspoint_withdrawal,2022-03-12T09:00:19Z,,,withdrawal,1331
1664431,JPN,2001-04-08T00:00:00Z,32166922,87,venuspoint_withdrawal,2022-03-12T11:08:41Z,,,withdrawal,1377
1664431,JPN,2001-04-08T00:00:00Z,32173831,87,venuspoint_withdrawal,2022-03-12T14:23:17Z,,,withdrawal,1393
1664431,JPN,2001-04-08T00:00:00Z,29318788,86,venuspoint,2022-01-15T02:44:05Z,2022-01-15T02:44:06Z,,deposit,120
1664431,JPN,2001-04-08T00:00:00Z,29318914,86,venuspoint,2022-01-15T02:51:11Z,2022-01-15T02:51:13Z,,deposit,10
1664431,JPN,2001-04-08T00:00:00Z,29318770,86,venuspoint,2022-01-15T02:42:41Z,,2022-01-15T02:42:42Z,deposit,120
1664431,JPN,2001-04-08T00:00:00Z,29318779,86,venuspoint,2022-01-15T02:43:03Z,,2022-01-15T02:43:04Z,deposit,120
1664431,JPN,2001-04-08T00:00:00Z,29318764,86,venuspoint,2022-01-15T02:41:54Z,,2022-01-15T02:41:56Z,deposit,120
1664431,JPN,2001-04-08T00:00:00Z,29319058,87,venuspoint_withdrawal,2022-01-15T03:01:31Z,,,withdrawal,180
1664431,JPN,2001-04-08T00:00:00Z,29341414,87,venuspoint_withdrawal,2022-01-15T16:11:40Z,,,withdrawal,178
1657102,JPN,2003-08-26T00:00:00Z,29354542,100,jpay,2022-01-15T21:13:05Z,,,deposit,100
1676026,JPN,1992-07-16T00:00:00Z,31932868,35,ecopayz,2022-03-07T11:42:56Z,2022-03-07T11:43:25Z,,deposit,30
1664431,JPN,2001-04-08T00:00:00Z,31943449,35,ecopayz,2022-03-07T16:09:22Z,2022-03-07T16:09:56Z,,deposit,100
1666345,FIN,1987-06-11T00:00:00Z,31920229,45,trustly,2022-03-07T00:51:02Z,2022-03-07T00:53:21Z,,deposit,20
1664431,JPN,2001-04-08T00:00:00Z,31943737,36,ecopayz_withdrawal,2022-03-07T16:15:23Z,,,withdrawal,137
1676026,JPN,1992-07-16T00:00:00Z,31936183,36,ecopayz_withdrawal,2022-03-07T13:13:31Z,,,withdrawal,26
1666345,FIN,1987-06-11T00:00:00Z,32694034,45,trustly,2022-03-23T23:21:51Z,2022-03-23T23:24:23Z,,deposit,300
1666345,FIN,1987-06-11T00:00:00Z,32682790,45,trustly,2022-03-23T18:58:46Z,2022-03-23T19:00:55Z,,deposit,230
1666345,FIN,1987-06-11T00:00:00Z,31280632,45,trustly,2022-02-24T12:09:24Z,2022-02-24T12:13:48Z,,deposit,80
1666345,FIN,1987-06-11T00:00:00Z,31276675,45,trustly,2022-02-24T10:18:10Z,2022-02-24T10:20:10Z,,deposit,300
1666345,FIN,1987-06-11T00:00:00Z,31280605,45,trustly,2022-02-24T12:08:13Z,,,deposit,100
1682458,JPN,1996-04-14T00:00:00Z,32364433,100,jpay,2022-03-17T03:48:40Z,2022-03-17T07:26:37Z,,deposit,10
1682458,JPN,1996-04-14T00:00:00Z,32364406,98,sticpay,2022-03-17T03:46:50Z,,,deposit,10
1682458,JPN,1996-04-14T00:00:00Z,32375995,36,ecopayz_withdrawal,2022-03-17T11:54:04Z,,,withdrawal,87.1
1676026,JPN,1992-07-16T00:00:00Z,30681106,35,ecopayz,2022-02-10T17:24:44Z,2022-02-10T17:25:24Z,,deposit,30
1676026,JPN,1992-07-16T00:00:00Z,32298871,35,ecopayz,2022-03-15T15:40:30Z,2022-03-15T15:40:45Z,,deposit,30
1666345,FIN,1987-06-11T00:00:00Z,32307292,45,trustly,2022-03-15T18:51:23Z,2022-03-15T18:53:29Z,,deposit,20
1676026,JPN,1992-07-16T00:00:00Z,32299342,36,ecopayz_withdrawal,2022-03-15T15:50:25Z,,,withdrawal,27
1664431,JPN,2001-04-08T00:00:00Z,29227288,86,venuspoint,2022-01-13T08:02:49Z,2022-01-13T08:02:50Z,,deposit,120
1664431,JPN,2001-04-08T00:00:00Z,29223364,86,venuspoint,2022-01-13T03:40:27Z,,2022-01-13T03:40:28Z,deposit,120
1664431,JPN,2001-04-08T00:00:00Z,29223379,86,venuspoint,2022-01-13T03:41:55Z,,2022-01-13T03:41:57Z,deposit,120
1666048,SWE,1988-05-28T00:00:00Z,29261578,47,trustly_withdrawal,2022-01-13T22:37:22Z,,,withdrawal,2000
1664431,JPN,2001-04-08T00:00:00Z,29228497,87,venuspoint_withdrawal,2022-01-13T08:50:27Z,,2022-01-13T12:50:02Z,withdrawal,180
1665397,JPN,1993-11-12T00:00:00Z,29223805,100,jpay,2022-01-13T04:18:28Z,2022-01-13T08:36:08Z,,deposit,60.67
1665397,JPN,1993-11-12T00:00:00Z,29223754,100,jpay,2022-01-13T04:15:26Z,,,deposit,25
1665397,JPN,1993-11-12T00:00:00Z,29223766,100,jpay,2022-01-13T04:16:22Z,,,deposit,25
1657102,JPN,2003-08-26T00:00:00Z,29228515,100,jpay,2022-01-13T08:50:59Z,,,deposit,25
1666222,SWE,1999-12-07T00:00:00Z,29254105,45,trustly,2022-01-13T19:55:53Z,,,deposit,100
1666309,SWE,1967-06-27T00:00:00Z,29261836,45,trustly,2022-01-13T22:44:15Z,,,deposit,100
1666345,FIN,1987-06-11T00:00:00Z,29263915,45,trustly,2022-01-13T23:52:44Z,2022-01-13T23:55:15Z,,deposit,30
1665868,SWE,1968-01-08T00:00:00Z,29236366,45,trustly,2022-01-13T13:03:26Z,2022-01-13T13:04:12Z,,deposit,100
1666048,SWE,1988-05-28T00:00:00Z,29247685,45,trustly,2022-01-13T17:33:44Z,2022-01-13T17:34:30Z,,deposit,1000
1666048,SWE,1988-05-28T00:00:00Z,29241916,45,trustly,2022-01-13T15:26:32Z,2022-01-13T15:27:26Z,,deposit,1000
1666222,SWE,1999-12-07T00:00:00Z,29253832,45,trustly,2022-01-13T19:50:11Z,,,deposit,100
1664431,JPN,2001-04-08T00:00:00Z,32032669,86,venuspoint,2022-03-09T15:00:36Z,2022-03-09T15:00:38Z,,deposit,100
1664431,JPN,2001-04-08T00:00:00Z,32033422,87,venuspoint_withdrawal,2022-03-09T15:18:36Z,,,withdrawal,74
1676026,JPN,1992-07-16T00:00:00Z,32032801,35,ecopayz,2022-03-09T15:03:03Z,2022-03-09T15:03:40Z,,deposit,30
1666345,FIN,1987-06-11T00:00:00Z,32045443,45,trustly,2022-03-09T19:30:21Z,2022-03-09T19:32:38Z,,deposit,25
1673800,SWE,1985-05-18T00:00:00Z,32042119,45,trustly,2022-03-09T18:24:23Z,2022-03-09T18:24:55Z,,deposit,200
1676026,JPN,1992-07-16T00:00:00Z,32033326,36,ecopayz_withdrawal,2022-03-09T15:16:16Z,,,withdrawal,36
1664431,JPN,2001-04-08T00:00:00Z,32079793,86,venuspoint,2022-03-10T15:08:44Z,2022-03-10T15:08:46Z,,deposit,900
1664431,JPN,2001-04-08T00:00:00Z,32080114,87,venuspoint_withdrawal,2022-03-10T15:15:30Z,,,withdrawal,884
1663339,JPN,1992-11-19T00:00:00Z,32058862,35,ecopayz,2022-03-10T02:52:17Z,2022-03-10T02:53:04Z,,deposit,30
1666345,FIN,1987-06-11T00:00:00Z,32094802,45,trustly,2022-03-10T20:24:44Z,2022-03-10T20:27:07Z,,deposit,10
1666345,FIN,1987-06-11T00:00:00Z,32086045,45,trustly,2022-03-10T17:20:55Z,2022-03-10T17:23:13Z,,deposit,200
1670284,SWE,1991-03-10T00:00:00Z,32101612,45,trustly,2022-03-10T23:02:51Z,2022-03-10T23:03:26Z,,deposit,400
1676026,JPN,1992-07-16T00:00:00Z,30356035,35,ecopayz,2022-02-03T15:06:07Z,2022-02-03T15:06:36Z,,deposit,30
1680250,SWE,1957-08-26T00:00:00Z,30355417,45,trustly,2022-02-03T14:53:19Z,2022-02-03T14:54:06Z,,deposit,100
1676026,JPN,1992-07-16T00:00:00Z,30969727,35,ecopayz,2022-02-17T15:05:16Z,2022-02-17T15:05:28Z,,deposit,30
1666345,FIN,1987-06-11T00:00:00Z,30956824,45,trustly,2022-02-17T08:23:35Z,2022-02-17T08:25:57Z,,deposit,60
1676026,JPN,1992-07-16T00:00:00Z,30525418,35,ecopayz,2022-02-06T22:54:49Z,2022-02-06T22:55:22Z,,deposit,30
1664431,JPN,2001-04-08T00:00:00Z,32124562,86,venuspoint,2022-03-11T14:08:05Z,2022-03-11T14:08:06Z,,deposit,1330
1664431,JPN,2001-04-08T00:00:00Z,32105326,86,venuspoint,2022-03-11T02:07:12Z,2022-03-11T02:07:14Z,,deposit,880
1664431,JPN,2001-04-08T00:00:00Z,32113906,86,venuspoint,2022-03-11T09:22:59Z,2022-03-11T09:23:01Z,,deposit,830
1664431,JPN,2001-04-08T00:00:00Z,32131399,86,venuspoint,2022-03-11T16:31:17Z,2022-03-11T16:31:19Z,,deposit,1320
1664431,JPN,2001-04-08T00:00:00Z,32127478,86,venuspoint,2022-03-11T15:10:08Z,2022-03-11T15:10:09Z,,deposit,30
1670284,SWE,1991-03-10T00:00:00Z,32104645,47,trustly_withdrawal,2022-03-11T01:16:55Z,,,withdrawal,2000
1670284,SWE,1991-03-10T00:00:00Z,32103544,47,trustly_withdrawal,2022-03-11T00:15:27Z,,,withdrawal,1000
1670284,SWE,1991-03-10T00:00:00Z,32104303,47,trustly_withdrawal,2022-03-11T00:56:57Z,,,withdrawal,2000
1664431,JPN,2001-04-08T00:00:00Z,32130238,87,venuspoint_withdrawal,2022-03-11T16:03:57Z,,,withdrawal,44
1664431,JPN,2001-04-08T00:00:00Z,32105419,87,venuspoint_withdrawal,2022-03-11T02:16:05Z,,,withdrawal,837
1664431,JPN,2001-04-08T00:00:00Z,32115001,87,venuspoint_withdrawal,2022-03-11T09:56:45Z,,,withdrawal,1331
1664431,JPN,2001-04-08T00:00:00Z,32124958,87,venuspoint_withdrawal,2022-03-11T14:17:47Z,,,withdrawal,1327
1664431,JPN,2001-04-08T00:00:00Z,32131996,87,venuspoint_withdrawal,2022-03-11T16:43:15Z,,,withdrawal,1331
1663339,JPN,1992-11-19T00:00:00Z,32121097,35,ecopayz,2022-03-11T12:46:10Z,2022-03-11T12:46:47Z,,deposit,30
1676026,JPN,1992-07-16T00:00:00Z,32127085,35,ecopayz,2022-03-11T15:04:09Z,2022-03-11T15:04:32Z,,deposit,30
1676026,JPN,1992-07-16T00:00:00Z,32127805,36,ecopayz_withdrawal,2022-03-11T15:15:47Z,,,withdrawal,34
1664431,JPN,2001-04-08T00:00:00Z,29383723,86,venuspoint,2022-01-16T16:16:51Z,2022-01-16T16:16:53Z,,deposit,124
1664431,JPN,2001-04-08T00:00:00Z,29375356,86,venuspoint,2022-01-16T12:30:53Z,2022-01-16T12:30:55Z,,deposit,90
1664431,JPN,2001-04-08T00:00:00Z,29364364,86,venuspoint,2022-01-16T04:06:13Z,2022-01-16T04:06:14Z,,deposit,110
1664431,JPN,2001-04-08T00:00:00Z,29364343,86,venuspoint,2022-01-16T04:04:00Z,2022-01-16T04:04:02Z,,deposit,10
1657102,JPN,2003-08-26T00:00:00Z,29365105,100,jpay,2022-01-16T05:12:12Z,2022-01-16T05:23:00Z,,deposit,50
1664431,JPN,2001-04-08T00:00:00Z,29375791,87,venuspoint_withdrawal,2022-01-16T12:45:04Z,,,withdrawal,90
1664431,JPN,2001-04-08T00:00:00Z,29367028,87,venuspoint_withdrawal,2022-01-16T07:27:47Z,,,withdrawal,96
1664431,JPN,2001-04-08T00:00:00Z,29365009,87,venuspoint_withdrawal,2022-01-16T05:04:51Z,,,withdrawal,96
1668907,JPN,1992-01-27T00:00:00Z,29394079,100,jpay,2022-01-16T20:44:03Z,,,deposit,100
1668907,JPN,1992-01-27T00:00:00Z,29394106,100,jpay,2022-01-16T20:44:43Z,,,deposit,100
1672693,SWE,1991-11-17T00:00:00Z,33720592,45,trustly,2022-04-10T01:29:37Z,,,deposit,200
1665721,JPN,1985-05-25T00:00:00Z,29433847,100,jpay,2022-01-17T20:34:58Z,2022-01-17T20:48:29Z,,deposit,20
1665721,JPN,1985-05-25T00:00:00Z,29436331,100,jpay,2022-01-17T21:37:04Z,2022-01-17T21:57:03Z,,deposit,20
1666345,FIN,1987-06-11T00:00:00Z,29401504,45,trustly,2022-01-17T01:09:03Z,2022-01-17T01:12:38Z,,deposit,80
1666345,FIN,1987-06-11T00:00:00Z,29402269,45,trustly,2022-01-17T02:03:13Z,2022-01-17T02:05:33Z,,deposit,70
1666345,FIN,1987-06-11T00:00:00Z,29402773,45,trustly,2022-01-17T02:59:35Z,2022-01-17T03:01:42Z,,deposit,100
1666345,FIN,1987-06-11T00:00:00Z,29403304,45,trustly,2022-01-17T03:54:57Z,2022-01-17T03:56:58Z,,deposit,100
1666345,FIN,1987-06-11T00:00:00Z,29403682,45,trustly,2022-01-17T04:35:31Z,2022-01-17T04:37:41Z,,deposit,100
1666345,FIN,1987-06-11T00:00:00Z,29402953,45,trustly,2022-01-17T03:19:06Z,2022-01-17T03:21:13Z,,deposit,200
1666345,FIN,1987-06-11T00:00:00Z,29404993,45,trustly,2022-01-17T06:20:47Z,2022-01-17T06:22:56Z,,deposit,120
1666345,FIN,1987-06-11T00:00:00Z,29405056,45,trustly,2022-01-17T06:24:39Z,2022-01-17T06:26:54Z,,deposit,200
1666345,FIN,1987-06-11T00:00:00Z,29405392,45,trustly,2022-01-17T06:48:22Z,2022-01-17T06:50:32Z,,deposit,200
1666345,FIN,1987-06-11T00:00:00Z,29429329,45,trustly,2022-01-17T18:49:07Z,2022-01-17T18:51:13Z,,deposit,30
1663339,JPN,1992-11-19T00:00:00Z,29401459,35,ecopayz,2022-01-17T01:05:57Z,2022-01-17T01:06:14Z,,deposit,44
1666345,FIN,1987-06-11T00:00:00Z,29403178,47,trustly_withdrawal,2022-01-17T03:41:11Z,,,withdrawal,400
1666345,FIN,1987-06-11T00:00:00Z,29401957,47,trustly_withdrawal,2022-01-17T01:42:11Z,,,withdrawal,20
1666345,FIN,1987-06-11T00:00:00Z,29404666,47,trustly_withdrawal,2022-01-17T05:58:15Z,,,withdrawal,250
1665721,JPN,1985-05-25T00:00:00Z,29433601,100,jpay,2022-01-17T20:29:04Z,,,deposit,20
1666345,FIN,1987-06-11T00:00:00Z,29402770,45,trustly,2022-01-17T02:59:19Z,,,deposit,25
1666345,FIN,1987-06-11T00:00:00Z,29428693,47,trustly_withdrawal,2022-01-17T18:35:33Z,,,withdrawal,25
1664431,JPN,2001-04-08T00:00:00Z,34234825,86,venuspoint,2022-04-21T01:02:02Z,2022-04-21T01:02:03Z,,deposit,100
1664431,JPN,2001-04-08T00:00:00Z,34234807,86,venuspoint,2022-04-21T01:01:39Z,,2022-04-21T01:01:40Z,deposit,100
1664431,JPN,2001-04-08T00:00:00Z,34234903,87,venuspoint_withdrawal,2022-04-21T01:09:09Z,,,withdrawal,139
1671586,SWE,1994-05-30T00:00:00Z,32574760,47,trustly_withdrawal,2022-03-21T10:23:18Z,,,withdrawal,100
1664431,JPN,2001-04-08T00:00:00Z,29579935,86,venuspoint,2022-01-20T21:03:41Z,2022-01-20T21:03:43Z,,deposit,135
1664431,JPN,2001-04-08T00:00:00Z,29545378,86,venuspoint,2022-01-20T08:07:39Z,2022-01-20T08:07:41Z,,deposit,150
1664431,JPN,2001-04-08T00:00:00Z,29552575,87,venuspoint_withdrawal,2022-01-20T11:18:37Z,,,withdrawal,153
1664431,JPN,2001-04-08T00:00:00Z,29557324,87,venuspoint_withdrawal,2022-01-20T13:16:27Z,,,withdrawal,153
1671586,SWE,1994-05-30T00:00:00Z,29545732,45,trustly,2022-01-20T08:18:01Z,,,deposit,250
1671766,FIN,1970-11-17T00:00:00Z,29555260,45,trustly,2022-01-20T12:23:38Z,,,deposit,100
1672204,SWE,1967-11-06T00:00:00Z,29582251,45,trustly,2022-01-20T21:50:39Z,,,deposit,200
1671766,FIN,1970-11-17T00:00:00Z,29555332,45,trustly,2022-01-20T12:25:29Z,2022-01-20T12:27:00Z,,deposit,150
1671766,FIN,1970-11-17T00:00:00Z,29578366,45,trustly,2022-01-20T20:33:45Z,2022-01-20T20:35:29Z,,deposit,25
1671589,SWE,1989-08-31T00:00:00Z,29549257,45,trustly,2022-01-20T09:51:27Z,2022-01-20T09:52:06Z,,deposit,100
1671589,SWE,1989-08-31T00:00:00Z,29549602,45,trustly,2022-01-20T10:01:11Z,2022-01-20T10:02:13Z,,deposit,100
1671589,SWE,1989-08-31T00:00:00Z,29563951,45,trustly,2022-01-20T15:39:40Z,2022-01-20T15:40:18Z,,deposit,100
1671589,SWE,1989-08-31T00:00:00Z,29545963,45,trustly,2022-01-20T08:24:04Z,2022-01-20T08:24:38Z,,deposit,100
1671589,SWE,1989-08-31T00:00:00Z,29547484,45,trustly,2022-01-20T09:06:02Z,2022-01-20T09:06:37Z,,deposit,100
1671589,SWE,1989-08-31T00:00:00Z,29564254,45,trustly,2022-01-20T15:46:16Z,2022-01-20T15:46:50Z,,deposit,100
1671589,SWE,1989-08-31T00:00:00Z,29564530,45,trustly,2022-01-20T15:51:50Z,2022-01-20T15:52:23Z,,deposit,100
1671589,SWE,1989-08-31T00:00:00Z,29546548,45,trustly,2022-01-20T08:41:06Z,2022-01-20T08:41:40Z,,deposit,100
1671589,SWE,1989-08-31T00:00:00Z,29575783,45,trustly,2022-01-20T19:43:30Z,2022-01-20T19:44:08Z,,deposit,100
1664431,JPN,2001-04-08T00:00:00Z,31202857,86,venuspoint,2022-02-22T15:10:26Z,2022-02-22T15:10:28Z,,deposit,30
1664431,JPN,2001-04-08T00:00:00Z,31203421,87,venuspoint_withdrawal,2022-02-22T15:24:58Z,,,withdrawal,64
1676026,JPN,1992-07-16T00:00:00Z,31184641,35,ecopayz,2022-02-22T04:01:06Z,2022-02-22T04:01:20Z,,deposit,100
1676026,JPN,1992-07-16T00:00:00Z,31184674,35,ecopayz,2022-02-22T04:03:09Z,,,deposit,33
1676026,JPN,1992-07-16T00:00:00Z,31184566,35,ecopayz,2022-02-22T03:54:37Z,2022-02-22T03:55:18Z,,deposit,160
1676026,JPN,1992-07-16T00:00:00Z,31184266,35,ecopayz,2022-02-22T03:24:54Z,2022-02-22T03:25:58Z,,deposit,200
1676026,JPN,1992-07-16T00:00:00Z,31184617,35,ecopayz,2022-02-22T03:57:55Z,2022-02-22T03:58:09Z,,deposit,25
1664431,JPN,2001-04-08T00:00:00Z,32329312,86,venuspoint,2022-03-16T09:28:33Z,2022-03-16T09:28:35Z,,deposit,30
1664431,JPN,2001-04-08T00:00:00Z,32331781,87,venuspoint_withdrawal,2022-03-16T10:53:11Z,,,withdrawal,1299
1664431,JPN,2001-04-08T00:00:00Z,32329417,87,venuspoint_withdrawal,2022-03-16T09:31:27Z,,,withdrawal,35
1666345,FIN,1987-06-11T00:00:00Z,32353879,45,trustly,2022-03-16T20:29:40Z,2022-03-16T20:31:57Z,,deposit,750
1666345,FIN,1987-06-11T00:00:00Z,32338999,45,trustly,2022-03-16T14:41:30Z,2022-03-16T14:43:41Z,,deposit,150
1666345,FIN,1987-06-11T00:00:00Z,32359579,45,trustly,2022-03-16T22:50:28Z,2022-03-16T22:52:35Z,,deposit,100
1666345,FIN,1987-06-11T00:00:00Z,32360686,45,trustly,2022-03-16T23:25:43Z,2022-03-16T23:27:47Z,,deposit,90
1667185,SWE,2001-09-02T00:00:00Z,29308603,47,trustly_withdrawal,2022-01-14T21:28:14Z,,,withdrawal,5000
1564431,JPN,1990-01-01T00:00:00Z,29295979,87,venuspoint_withdrawal,2022-01-14T17:21:48Z,,,withdrawal,180
1664431,TEST,2001-04-08T00:00:00Z,29295979,87,venuspoint_withdrawal,,,,withdrawal,0
1667185,SWE,2001-09-02T00:00:00Z,29308189,45,trustly,2022-01-14T21:20:47Z,,,deposit,5000
1666048,SWE,1988-05-28T00:00:00Z,29265226,45,trustly,2022-01-14T00:40:22Z,,,deposit,1000
1666048,SWE,1988-05-28T00:00:00Z,29265259,45,trustly,2022-01-14T00:41:45Z,,,deposit,1000
1666048,SWE,1988-05-28T00:00:00Z,29265286,45,trustly,2022-01-14T00:42:37Z,2022-01-14T00:43:15Z,,deposit,1000
1666048,SWE,1988-05-28T00:00:00Z,29266240,45,trustly,2022-01-14T01:40:38Z,2022-01-14T01:41:31Z,,deposit,1000
1667185,SWE,2001-09-02T00:00:00Z,29308222,45,trustly,2022-01-14T21:21:28Z,2022-01-14T21:21:56Z,,deposit,5000
1664431,JPN,2001-04-08T00:00:00Z,33858541,86,venuspoint,2022-04-13T01:35:17Z,2022-04-13T01:35:18Z,,deposit,156
1676230,SWE,1995-11-23T00:00:00Z,33869314,47,trustly_withdrawal,2022-04-13T09:55:38Z,,,withdrawal,101
1664431,JPN,2001-04-08T00:00:00Z,33858904,87,venuspoint_withdrawal,2022-04-13T02:12:44Z,,,withdrawal,158
1664431,JPN,2001-04-08T00:00:00Z,31773541,86,venuspoint,2022-03-04T09:23:38Z,2022-03-04T09:23:40Z,,deposit,30
1664431,JPN,2001-04-08T00:00:00Z,31773976,87,venuspoint_withdrawal,2022-03-04T09:35:10Z,,,withdrawal,57
1673842,SWE,1982-10-28T00:00:00Z,31798300,45,trustly,2022-03-04T17:49:06Z,,,deposit,2500
1666345,FIN,1987-06-11T00:00:00Z,31805833,45,trustly,2022-03-04T20:06:56Z,2022-03-04T20:09:18Z,,deposit,170
1664431,JPN,2001-04-08T00:00:00Z,29496616,87,venuspoint_withdrawal,2022-01-19T08:51:57Z,,,withdrawal,196
1668907,JPN,1992-01-27T00:00:00Z,29504224,100,jpay,2022-01-19T12:35:16Z,,,deposit,100
1663339,JPN,1992-11-19T00:00:00Z,29509603,35,ecopayz,2022-01-19T14:49:07Z,,,deposit,70
1663339,JPN,1992-11-19T00:00:00Z,29509639,35,ecopayz,2022-01-19T14:50:08Z,2022-01-19T14:50:19Z,,deposit,60
1663339,JPN,1992-11-19T00:00:00Z,29507491,35,ecopayz,2022-01-19T13:57:11Z,2022-01-19T13:57:43Z,,deposit,100
1676026,JPN,1992-07-16T00:00:00Z,30592621,35,ecopayz,2022-02-08T15:17:25Z,2022-02-08T15:17:51Z,,deposit,30
1663339,JPN,1992-11-19T00:00:00Z,30578086,35,ecopayz,2022-02-08T08:10:34Z,2022-02-08T08:11:08Z,,deposit,30
1663339,JPN,1992-11-19T00:00:00Z,30601036,36,ecopayz_withdrawal,2022-02-08T18:29:28Z,,,withdrawal,30
1676026,JPN,1992-07-16T00:00:00Z,30594568,36,ecopayz_withdrawal,2022-02-08T15:59:25Z,,,withdrawal,45
1656301,SWE,1998-12-05T00:00:00Z,28753522,47,trustly_withdrawal,2022-01-02T20:47:45Z,,,withdrawal,8011
1655374,JPN,1991-05-30T00:00:00Z,28719424,100,jpay,2022-01-02T06:54:23Z,,,deposit,60
1655374,JPN,1991-05-30T00:00:00Z,28720549,100,jpay,2022-01-02T07:55:49Z,2022-01-02T07:59:39Z,,deposit,60
1655374,JPN,1991-05-30T00:00:00Z,28720396,100,jpay,2022-01-02T07:48:21Z,,,deposit,60
1655374,JPN,1991-05-30T00:00:00Z,28719415,100,jpay,2022-01-02T06:53:46Z,,,deposit,100
1656301,SWE,1998-12-05T00:00:00Z,28739740,45,trustly,2022-01-02T16:23:40Z,2022-01-02T16:24:29Z,,deposit,500
1656301,SWE,1998-12-05T00:00:00Z,28738048,45,trustly,2022-01-02T15:50:14Z,2022-01-02T15:50:57Z,,deposit,500
1656301,SWE,1998-12-05T00:00:00Z,28740250,45,trustly,2022-01-02T16:33:18Z,2022-01-02T16:34:02Z,,deposit,500
1656301,SWE,1998-12-05T00:00:00Z,28739002,45,trustly,2022-01-02T16:09:58Z,2022-01-02T16:10:38Z,,deposit,500
1664431,JPN,2001-04-08T00:00:00Z,31155085,86,venuspoint,2022-02-21T12:06:02Z,2022-02-21T12:06:04Z,,deposit,30
1666345,FIN,1987-06-11T00:00:00Z,31149976,47,trustly_withdrawal,2022-02-21T09:41:23Z,,,withdrawal,10
1664431,JPN,2001-04-08T00:00:00Z,31155370,87,venuspoint_withdrawal,2022-02-21T12:14:43Z,,,withdrawal,42
1664431,JPN,2001-04-08T00:00:00Z,29596207,86,venuspoint,2022-01-21T08:15:26Z,2022-01-21T08:15:27Z,,deposit,11
1664431,JPN,2001-04-08T00:00:00Z,29636680,86,venuspoint,2022-01-21T23:19:59Z,2022-01-21T23:20:01Z,,deposit,157
1672693,SWE,1991-11-17T00:00:00Z,29610199,45,trustly,2022-01-21T14:08:16Z,2022-01-21T14:09:02Z,,deposit,100
1672693,SWE,1991-11-17T00:00:00Z,29608225,45,trustly,2022-01-21T13:21:13Z,2022-01-21T13:21:58Z,,deposit,100
1671589,SWE,1989-08-31T00:00:00Z,29625874,45,trustly,2022-01-21T19:30:28Z,2022-01-21T19:31:01Z,,deposit,100
1671589,SWE,1989-08-31T00:00:00Z,29618578,45,trustly,2022-01-21T17:01:54Z,2022-01-21T17:02:27Z,,deposit,100
1671589,SWE,1989-08-31T00:00:00Z,29625367,45,trustly,2022-01-21T19:20:23Z,2022-01-21T19:20:55Z,,deposit,200
1671589,SWE,1989-08-31T00:00:00Z,29618845,45,trustly,2022-01-21T17:07:57Z,2022-01-21T17:08:29Z,,deposit,200
1663339,JPN,1992-11-19T00:00:00Z,29601571,35,ecopayz,2022-01-21T10:38:36Z,2022-01-21T10:39:45Z,,deposit,25
1663339,JPN,1992-11-19T00:00:00Z,29591158,35,ecopayz,2022-01-21T04:16:59Z,2022-01-21T04:17:43Z,,deposit,30
1663339,JPN,1992-11-19T00:00:00Z,29621863,36,ecopayz_withdrawal,2022-01-21T18:08:49Z,,,withdrawal,60
1664431,JPN,2001-04-08T00:00:00Z,29602708,87,venuspoint_withdrawal,2022-01-21T11:08:28Z,,,withdrawal,168
1663339,JPN,1992-11-19T00:00:00Z,29603245,36,ecopayz_withdrawal,2022-01-21T11:24:08Z,,,withdrawal,61
1664431,JPN,2001-04-08T00:00:00Z,29637550,87,venuspoint_withdrawal,2022-01-21T23:41:32Z,,,withdrawal,67
1676026,JPN,1992-07-16T00:00:00Z,33358177,35,ecopayz,2022-04-03T15:06:10Z,2022-04-03T15:06:25Z,,deposit,30
1676026,JPN,1992-07-16T00:00:00Z,33358564,36,ecopayz_withdrawal,2022-04-03T15:13:56Z,,,withdrawal,77
1663339,JPN,1992-11-19T00:00:00Z,33969184,35,ecopayz,2022-04-15T08:19:58Z,,,deposit,40
1663339,JPN,1992-11-19T00:00:00Z,33963100,35,ecopayz,2022-04-15T04:51:52Z,2022-04-15T04:52:37Z,,deposit,30
1663339,JPN,1992-11-19T00:00:00Z,33969217,35,ecopayz,2022-04-15T08:21:03Z,,,deposit,36
1663339,JPN,1992-11-19T00:00:00Z,33969259,35,ecopayz,2022-04-15T08:21:42Z,2022-04-15T08:21:53Z,,deposit,35
1664431,JPN,2001-04-08T00:00:00Z,30253855,86,venuspoint,2022-02-01T15:21:48Z,2022-02-01T15:21:49Z,,deposit,30
1671766,FIN,1970-11-17T00:00:00Z,30254512,47,trustly_withdrawal,2022-02-01T15:33:36Z,,,withdrawal,150
1654897,SWE,1966-03-02T00:00:00Z,30239470,47,trustly_withdrawal,2022-02-01T09:43:22Z,,,withdrawal,102.2
1664431,JPN,2001-04-08T00:00:00Z,30254236,87,venuspoint_withdrawal,2022-02-01T15:29:00Z,,,withdrawal,27
1676026,JPN,1992-07-16T00:00:00Z,30252910,35,ecopayz,2022-02-01T15:04:28Z,2022-02-01T15:04:44Z,,deposit,30
1684714,JPN,1997-02-10T00:00:00Z,30251032,41,apco,2022-02-01T14:25:16Z,,,deposit,100
1671766,FIN,1970-11-17T00:00:00Z,30249727,45,trustly,2022-02-01T13:55:28Z,2022-02-01T13:56:53Z,,deposit,50
1671766,FIN,1970-11-17T00:00:00Z,30246301,45,trustly,2022-02-01T12:30:08Z,2022-02-01T12:31:36Z,,deposit,200
1671766,FIN,1970-11-17T00:00:00Z,30245848,45,trustly,2022-02-01T12:19:06Z,2022-02-01T12:20:52Z,,deposit,100
1671766,FIN,1970-11-17T00:00:00Z,30233287,45,trustly,2022-02-01T06:41:16Z,2022-02-01T06:42:58Z,,deposit,100
1676026,JPN,1992-07-16T00:00:00Z,30254485,36,ecopayz_withdrawal,2022-02-01T15:33:15Z,,,withdrawal,50
1676026,JPN,1992-07-16T00:00:00Z,34209457,35,ecopayz,2022-04-20T15:19:53Z,2022-04-20T15:20:16Z,,deposit,30
1673800,SWE,1985-05-18T00:00:00Z,34221703,45,trustly,2022-04-20T18:57:57Z,2022-04-20T18:58:47Z,,deposit,100
1682458,JPN,1996-04-14T00:00:00Z,30383530,87,venuspoint_withdrawal,2022-02-04T01:33:10Z,,,withdrawal,77.1
1655374,JPN,1991-05-30T00:00:00Z,28691830,100,jpay,2022-01-01T16:47:08Z,,,deposit,60
1655374,JPN,1991-05-30T00:00:00Z,28692541,41,apco,2022-01-01T17:03:29Z,,,deposit,60
1654897,SWE,1966-03-02T00:00:00Z,28669144,45,trustly,2022-01-01T06:12:47Z,2022-01-01T06:13:19Z,,deposit,700
1654897,SWE,1966-03-02T00:00:00Z,28668175,45,trustly,2022-01-01T05:09:15Z,2022-01-01T05:09:44Z,,deposit,1000
1654897,SWE,1966-03-02T00:00:00Z,28667314,45,trustly,2022-01-01T04:17:59Z,2022-01-01T04:18:32Z,,deposit,700
1654897,SWE,1966-03-02T00:00:00Z,28666717,45,trustly,2022-01-01T03:46:06Z,2022-01-01T03:46:55Z,,deposit,850
1654897,SWE,1966-03-02T00:00:00Z,28667467,45,trustly,2022-01-01T04:25:19Z,2022-01-01T04:25:50Z,,deposit,400
1654897,SWE,1966-03-02T00:00:00Z,28667905,45,trustly,2022-01-01T04:51:13Z,2022-01-01T04:51:44Z,,deposit,400
1654897,SWE,1966-03-02T00:00:00Z,28666672,45,trustly,2022-01-01T03:44:07Z,,,deposit,1000
1654897,SWE,1966-03-02T00:00:00Z,28683247,45,trustly,2022-01-01T13:37:16Z,2022-01-01T13:37:50Z,,deposit,200
1661779,FIN,2002-05-10T00:00:00Z,29048425,45,trustly,2022-01-08T21:44:14Z,2022-01-08T21:47:54Z,,deposit,25
1661449,FIN,1998-02-23T00:00:00Z,29030497,45,trustly,2022-01-08T14:48:04Z,2022-01-08T14:49:09Z,,deposit,25
1676026,JPN,1992-07-16T00:00:00Z,32439085,35,ecopayz,2022-03-18T15:04:06Z,2022-03-18T15:04:20Z,,deposit,30
1666345,FIN,1987-06-11T00:00:00Z,32448922,45,trustly,2022-03-18T18:02:46Z,2022-03-18T18:05:01Z,,deposit,390
1676026,JPN,1992-07-16T00:00:00Z,32439997,36,ecopayz_withdrawal,2022-03-18T15:17:43Z,,,withdrawal,48
1664431,JPN,2001-04-08T00:00:00Z,33265807,86,venuspoint,2022-04-01T18:48:10Z,2022-04-01T18:48:12Z,,deposit,75
1664431,JPN,2001-04-08T00:00:00Z,33266692,87,venuspoint_withdrawal,2022-04-01T19:02:58Z,,,withdrawal,85
1676026,JPN,1992-07-16T00:00:00Z,33279265,35,ecopayz,2022-04-01T23:06:48Z,2022-04-01T23:07:14Z,,deposit,30
1666345,FIN,1987-06-11T00:00:00Z,30885115,47,trustly_withdrawal,2022-02-15T14:00:19Z,,,withdrawal,3000
1676026,JPN,1992-07-16T00:00:00Z,30887389,35,ecopayz,2022-02-15T15:02:45Z,2022-02-15T15:03:27Z,,deposit,30
1666345,FIN,1987-06-11T00:00:00Z,30876520,45,trustly,2022-02-15T09:45:47Z,2022-02-15T09:47:50Z,,deposit,30
1676026,JPN,1992-07-16T00:00:00Z,30888889,36,ecopayz_withdrawal,2022-02-15T15:35:49Z,,,withdrawal,77
1663339,JPN,1992-11-19T00:00:00Z,32509780,35,ecopayz,2022-03-19T20:33:26Z,2022-03-19T20:33:59Z,,deposit,30
1666345,FIN,1987-06-11T00:00:00Z,32505943,45,trustly,2022-03-19T19:03:24Z,2022-03-19T19:05:35Z,,deposit,280
1666345,FIN,1987-06-11T00:00:00Z,32500312,45,trustly,2022-03-19T17:00:54Z,2022-03-19T17:03:10Z,,deposit,240
1663339,JPN,1992-11-19T00:00:00Z,31830655,35,ecopayz,2022-03-05T08:57:32Z,2022-03-05T08:58:06Z,,deposit,50
1666345,FIN,1987-06-11T00:00:00Z,31852873,45,trustly,2022-03-05T17:26:10Z,2022-03-05T17:28:20Z,,deposit,10
1664431,JPN,2001-04-08T00:00:00Z,33130084,86,venuspoint,2022-03-30T15:20:49Z,2022-03-30T15:20:50Z,,deposit,100
1664431,JPN,2001-04-08T00:00:00Z,33130993,87,venuspoint_withdrawal,2022-03-30T15:37:38Z,,,withdrawal,109
1683409,FIN,1999-04-05T00:00:00Z,30185965,47,trustly_withdrawal,2022-01-31T11:05:36Z,,,withdrawal,100
1683409,FIN,1999-04-05T00:00:00Z,30185323,45,trustly,2022-01-31T10:50:59Z,,,deposit,10
1683409,FIN,1999-04-05T00:00:00Z,30185539,45,trustly,2022-01-31T10:55:11Z,2022-01-31T10:56:32Z,,deposit,10
1671766,FIN,1970-11-17T00:00:00Z,30202924,45,trustly,2022-01-31T16:41:47Z,2022-01-31T16:43:14Z,,deposit,200
1671766,FIN,1970-11-17T00:00:00Z,30201124,45,trustly,2022-01-31T16:07:26Z,2022-01-31T16:09:31Z,,deposit,100
1683496,FIN,1963-01-23T00:00:00Z,30189277,45,trustly,2022-01-31T12:22:48Z,2022-01-31T12:23:27Z,,deposit,25
1683517,SWE,1981-05-20T00:00:00Z,30191593,45,trustly,2022-01-31T13:09:47Z,2022-01-31T13:10:56Z,,deposit,363
1683517,SWE,1981-05-20T00:00:00Z,30190945,45,trustly,2022-01-31T12:57:51Z,2022-01-31T12:58:41Z,,deposit,235
1683088,SWE,2002-08-28T00:00:00Z,30168664,45,trustly,2022-01-31T00:07:24Z,2022-01-31T00:08:12Z,,deposit,100
1664431,JPN,2001-04-08T00:00:00Z,32709337,86,venuspoint,2022-03-24T10:42:06Z,2022-03-24T10:42:08Z,,deposit,100
1676026,JPN,1992-07-16T00:00:00Z,34308130,35,ecopayz,2022-04-22T15:09:36Z,2022-04-22T15:09:57Z,,deposit,30
1671586,SWE,1994-05-30T00:00:00Z,34314856,45,trustly,2022-04-22T17:15:52Z,2022-04-22T17:17:03Z,,deposit,500
1671586,SWE,1994-05-30T00:00:00Z,34316716,45,trustly,2022-04-22T17:51:45Z,2022-04-22T17:52:49Z,,deposit,110
1676026,JPN,1992-07-16T00:00:00Z,34308430,36,ecopayz_withdrawal,2022-04-22T15:14:39Z,,,withdrawal,40
1664431,JPN,2001-04-08T00:00:00Z,31657636,86,venuspoint,2022-03-02T05:06:53Z,2022-03-02T05:06:55Z,,deposit,30
1666345,FIN,1987-06-11T00:00:00Z,31670977,45,trustly,2022-03-02T11:49:52Z,2022-03-02T11:52:13Z,,deposit,120
1673800,SWE,1985-05-18T00:00:00Z,31689757,45,trustly,2022-03-02T18:15:35Z,2022-03-02T18:16:22Z,,deposit,200
1680250,SWE,1957-08-26T00:00:00Z,31687477,45,trustly,2022-03-02T17:32:35Z,2022-03-02T17:33:26Z,,deposit,600
1664431,JPN,2001-04-08T00:00:00Z,31657621,87,venuspoint_withdrawal,2022-03-02T05:06:34Z,,,withdrawal,38
1664431,JPN,2001-04-08T00:00:00Z,31676659,87,venuspoint_withdrawal,2022-03-02T13:59:42Z,,,withdrawal,31
1673800,SWE,1985-05-18T00:00:00Z,31692244,47,trustly_withdrawal,2022-03-02T19:03:38Z,,,withdrawal,200
1680250,SWE,1957-08-26T00:00:00Z,31689523,47,trustly_withdrawal,2022-03-02T18:10:44Z,,,withdrawal,1000
1664431,JPN,2001-04-08T00:00:00Z,30011332,86,venuspoint,2022-01-28T13:56:03Z,2022-01-28T13:56:04Z,,deposit,30
1671766,FIN,1970-11-17T00:00:00Z,30008599,47,trustly_withdrawal,2022-01-28T13:11:14Z,,,withdrawal,150
1680250,SWE,1957-08-26T00:00:00Z,30028264,47,trustly_withdrawal,2022-01-28T18:41:23Z,,,withdrawal,700
1680250,SWE,1957-08-26T00:00:00Z,30028591,47,trustly_withdrawal,2022-01-28T18:48:24Z,,,withdrawal,1200
1664431,JPN,2001-04-08T00:00:00Z,30012082,87,venuspoint_withdrawal,2022-01-28T14:08:55Z,,,withdrawal,37
1673842,SWE,1982-10-28T00:00:00Z,30020659,45,trustly,2022-01-28T16:33:16Z,2022-01-28T16:34:08Z,,deposit,1500
1673842,SWE,1982-10-28T00:00:00Z,30018889,45,trustly,2022-01-28T16:03:15Z,2022-01-28T16:04:12Z,,deposit,1500
1671766,FIN,1970-11-17T00:00:00Z,30005239,45,trustly,2022-01-28T12:12:26Z,2022-01-28T12:13:52Z,,deposit,200
1671766,FIN,1970-11-17T00:00:00Z,29992033,45,trustly,2022-01-28T07:32:14Z,2022-01-28T07:33:40Z,,deposit,50
1671766,FIN,1970-11-17T00:00:00Z,30004024,45,trustly,2022-01-28T11:49:46Z,2022-01-28T11:51:32Z,,deposit,100
1671766,FIN,1970-11-17T00:00:00Z,29990596,45,trustly,2022-01-28T06:51:11Z,2022-01-28T06:54:08Z,,deposit,100
1680250,SWE,1957-08-26T00:00:00Z,30032734,45,trustly,2022-01-28T19:56:36Z,2022-01-28T19:57:30Z,,deposit,500
1680250,SWE,1957-08-26T00:00:00Z,30030376,45,trustly,2022-01-28T19:17:40Z,2022-01-28T19:18:35Z,,deposit,500
1680250,SWE,1957-08-26T00:00:00Z,30034801,45,trustly,2022-01-28T20:31:53Z,2022-01-28T20:32:41Z,,deposit,1000
1680250,SWE,1957-08-26T00:00:00Z,30038455,45,trustly,2022-01-28T21:30:04Z,2022-01-28T21:30:52Z,,deposit,2000
1680250,SWE,1957-08-26T00:00:00Z,30026809,45,trustly,2022-01-28T18:16:51Z,2022-01-28T18:17:48Z,,deposit,500
1680250,SWE,1957-08-26T00:00:00Z,30033040,45,trustly,2022-01-28T20:02:04Z,2022-01-28T20:02:54Z,,deposit,500
1680217,SWE,1988-02-18T00:00:00Z,30024421,45,trustly,2022-01-28T17:36:45Z,2022-01-28T17:37:34Z,,deposit,250
1680217,SWE,1988-02-18T00:00:00Z,30026065,45,trustly,2022-01-28T18:04:33Z,2022-01-28T18:05:20Z,,deposit,250
1664431,JPN,2001-04-08T00:00:00Z,33005455,86,venuspoint,2022-03-28T13:29:25Z,2022-03-28T13:29:27Z,,deposit,75
1678528,SWE,1990-08-23T00:00:00Z,32992099,47,trustly_withdrawal,2022-03-28T09:07:58Z,,,withdrawal,100
1664431,JPN,2001-04-08T00:00:00Z,33006460,87,venuspoint_withdrawal,2022-03-28T13:50:09Z,,,withdrawal,86
1664431,JPN,2001-04-08T00:00:00Z,32845828,86,venuspoint,2022-03-26T02:13:15Z,2022-03-26T02:13:17Z,,deposit,30
1664431,JPN,2001-04-08T00:00:00Z,32846191,87,venuspoint_withdrawal,2022-03-26T02:23:30Z,,,withdrawal,45
1671766,FIN,1970-11-17T00:00:00Z,30309088,45,trustly,2022-02-02T16:52:20Z,2022-02-02T16:56:09Z,,deposit,100
1671766,FIN,1970-11-17T00:00:00Z,30310573,45,trustly,2022-02-02T17:21:34Z,2022-02-02T17:22:58Z,,deposit,100
1664431,JPN,2001-04-08T00:00:00Z,29920603,87,venuspoint_withdrawal,2022-01-27T06:02:32Z,,,withdrawal,39
1677448,JPN,1974-03-25T00:00:00Z,29911162,100,jpay,2022-01-27T00:10:48Z,,,deposit,60
1679353,CAN,2000-05-06T00:00:00Z,29977180,31,safecharge,2022-01-27T22:54:59Z,,,deposit,10
1676026,JPN,1992-07-16T00:00:00Z,29949421,35,ecopayz,2022-01-27T15:30:10Z,2022-01-27T15:30:40Z,,deposit,30
1677448,JPN,1974-03-25T00:00:00Z,29934493,41,apco,2022-01-27T11:11:12Z,2022-01-27T11:12:18Z,,deposit,60
1678495,SWE,1960-03-22T00:00:00Z,29930395,45,trustly,2022-01-27T09:56:56Z,,,deposit,250
1678528,SWE,1990-08-23T00:00:00Z,29933032,45,trustly,2022-01-27T10:44:58Z,2022-01-27T10:45:46Z,,deposit,100
1678546,SWE,2003-04-15T00:00:00Z,29934244,45,trustly,2022-01-27T11:07:50Z,2022-01-27T11:11:32Z,,deposit,100
1678546,SWE,2003-04-15T00:00:00Z,29934010,45,trustly,2022-01-27T11:04:19Z,,,deposit,100
1671589,SWE,1989-08-31T00:00:00Z,29969038,45,trustly,2022-01-27T20:37:56Z,2022-01-27T20:38:32Z,,deposit,100
1671589,SWE,1989-08-31T00:00:00Z,29939455,45,trustly,2022-01-27T12:39:31Z,2022-01-27T12:40:04Z,,deposit,100
1679137,SWE,1947-12-01T00:00:00Z,29967826,45,trustly,2022-01-27T20:21:13Z,,,deposit,250
1678597,SWE,1983-06-05T00:00:00Z,29936299,45,trustly,2022-01-27T11:43:35Z,2022-01-27T11:44:25Z,,deposit,500
1676026,JPN,1992-07-16T00:00:00Z,29950942,36,ecopayz_withdrawal,2022-01-27T15:54:56Z,,,withdrawal,91
1664431,JPN,2001-04-08T00:00:00Z,33439693,35,ecopayz,2022-04-05T11:53:01Z,2022-04-05T11:53:25Z,,deposit,100
1666345,FIN,1987-06-11T00:00:00Z,31042708,47,trustly_withdrawal,2022-02-18T21:12:35Z,,,withdrawal,10
1666345,FIN,1987-06-11T00:00:00Z,31042105,45,trustly,2022-02-18T21:00:36Z,2022-02-18T21:03:11Z,,deposit,400
1673800,SWE,1985-05-18T00:00:00Z,31037749,45,trustly,2022-02-18T19:35:14Z,2022-02-18T19:35:52Z,,deposit,100
1673800,SWE,1985-05-18T00:00:00Z,33520063,47,trustly_withdrawal,2022-04-06T16:34:50Z,,,withdrawal,100
1676026,JPN,1992-07-16T00:00:00Z,33515017,35,ecopayz,2022-04-06T15:10:12Z,2022-04-06T15:10:34Z,,deposit,30
1673800,SWE,1985-05-18T00:00:00Z,33517852,45,trustly,2022-04-06T15:54:38Z,2022-04-06T15:55:43Z,,deposit,100
1673746,SWE,1989-07-06T00:00:00Z,33525325,45,trustly,2022-04-06T17:58:27Z,2022-04-06T17:59:31Z,,deposit,2000
1676026,JPN,1992-07-16T00:00:00Z,33515503,36,ecopayz_withdrawal,2022-04-06T15:17:14Z,,,withdrawal,37
1664431,JPN,2001-04-08T00:00:00Z,31550284,86,venuspoint,2022-02-28T12:26:28Z,2022-02-28T12:26:30Z,,deposit,30
1675882,SWE,1997-07-29T00:00:00Z,31586182,45,trustly,2022-02-28T22:24:07Z,,,deposit,1500
1664431,JPN,2001-04-08T00:00:00Z,33921373,87,venuspoint_withdrawal,2022-04-14T11:02:42Z,,,withdrawal,40
1676026,JPN,1992-07-16T00:00:00Z,33932728,35,ecopayz,2022-04-14T15:05:39Z,2022-04-14T15:06:00Z,,deposit,30
1676026,JPN,1992-07-16T00:00:00Z,33933025,36,ecopayz_withdrawal,2022-04-14T15:10:59Z,,,withdrawal,61
1664431,JPN,2001-04-08T00:00:00Z,33634267,86,venuspoint,2022-04-08T15:26:20Z,2022-04-08T15:26:22Z,,deposit,100
1664431,JPN,2001-04-08T00:00:00Z,33635206,87,venuspoint_withdrawal,2022-04-08T15:41:42Z,,,withdrawal,129
1666345,FIN,1987-06-11T00:00:00Z,33640054,45,trustly,2022-04-08T17:03:11Z,2022-04-08T17:05:28Z,,deposit,180
1666345,FIN,1987-06-11T00:00:00Z,33646507,45,trustly,2022-04-08T18:46:45Z,2022-04-08T18:49:08Z,,deposit,10
1664431,JPN,2001-04-08T00:00:00Z,33557158,86,venuspoint,2022-04-07T09:34:11Z,2022-04-07T09:34:12Z,,deposit,75
1664431,JPN,2001-04-08T00:00:00Z,33557953,87,venuspoint_withdrawal,2022-04-07T09:53:16Z,,,withdrawal,30
1664431,JPN,2001-04-08T00:00:00Z,30141487,86,venuspoint,2022-01-30T15:54:49Z,2022-01-30T15:54:51Z,,deposit,30
1676026,JPN,1992-07-16T00:00:00Z,30138808,35,ecopayz,2022-01-30T15:11:23Z,2022-01-30T15:11:50Z,,deposit,30
1682458,JPN,1996-04-14T00:00:00Z,30133231,100,jpay,2022-01-30T13:24:22Z,2022-01-31T04:14:15Z,,deposit,60
1681873,SWE,1989-04-28T00:00:00Z,30150379,45,trustly,2022-01-30T18:18:37Z,2022-01-30T18:19:17Z,,deposit,100
1671586,SWE,1994-05-30T00:00:00Z,30152986,45,trustly,2022-01-30T19:06:03Z,2022-01-30T19:06:44Z,,deposit,500
1671586,SWE,1994-05-30T00:00:00Z,30153496,45,trustly,2022-01-30T19:14:31Z,2022-01-30T19:15:04Z,,deposit,400
1682851,SWE,1972-09-10T00:00:00Z,30154057,45,trustly,2022-01-30T19:23:43Z,2022-01-30T19:24:35Z,,deposit,250
1682851,SWE,1972-09-10T00:00:00Z,30158518,45,trustly,2022-01-30T20:36:44Z,2022-01-30T20:37:20Z,,deposit,250
1664431,JPN,2001-04-08T00:00:00Z,30141814,87,venuspoint_withdrawal,2022-01-30T16:00:35Z,,,withdrawal,38
1671586,SWE,1994-05-30T00:00:00Z,30154069,45,trustly,2022-01-30T19:23:52Z,,,deposit,500
1664431,JPN,2001-04-08T00:00:00Z,29847982,86,venuspoint,2022-01-26T02:37:20Z,2022-01-26T02:37:21Z,,deposit,30
1671589,SWE,1989-08-31T00:00:00Z,29867437,47,trustly_withdrawal,2022-01-26T11:31:52Z,,,withdrawal,300
1671766,FIN,1970-11-17T00:00:00Z,29893594,47,trustly_withdrawal,2022-01-26T19:17:47Z,,,withdrawal,120
1677043,SWE,2003-06-07T00:00:00Z,29845978,47,trustly_withdrawal,2022-01-26T01:21:34Z,,,withdrawal,100
1677448,JPN,1974-03-25T00:00:00Z,29910448,100,jpay,2022-01-26T23:56:42Z,,,deposit,60
1677448,JPN,1974-03-25T00:00:00Z,29910031,100,jpay,2022-01-26T23:49:31Z,,,deposit,60
1677043,SWE,2003-06-07T00:00:00Z,29845246,45,trustly,2022-01-26T01:03:36Z,,,deposit,100
1671766,FIN,1970-11-17T00:00:00Z,29867623,45,trustly,2022-01-26T11:35:14Z,,,deposit,100
1671766,FIN,1970-11-17T00:00:00Z,29891635,45,trustly,2022-01-26T18:44:56Z,2022-01-26T18:46:33Z,,deposit,100
1671766,FIN,1970-11-17T00:00:00Z,29867716,45,trustly,2022-01-26T11:37:15Z,2022-01-26T11:38:39Z,,deposit,200
1671589,SWE,1989-08-31T00:00:00Z,29903866,45,trustly,2022-01-26T22:02:02Z,2022-01-26T22:02:37Z,,deposit,150
1671589,SWE,1989-08-31T00:00:00Z,29867224,45,trustly,2022-01-26T11:28:13Z,2022-01-26T11:28:45Z,,deposit,150
1675882,SWE,1997-07-29T00:00:00Z,29868793,45,trustly,2022-01-26T12:00:18Z,2022-01-26T12:00:49Z,,deposit,1000
1675882,SWE,1997-07-29T00:00:00Z,29868898,45,trustly,2022-01-26T12:02:13Z,2022-01-26T12:02:44Z,,deposit,1000
1675882,SWE,1997-07-29T00:00:00Z,29869129,45,trustly,2022-01-26T12:07:11Z,2022-01-26T12:07:43Z,,deposit,1425
1675882,SWE,1997-07-29T00:00:00Z,29865007,45,trustly,2022-01-26T10:48:19Z,2022-01-26T10:48:47Z,,deposit,1000
1675882,SWE,1997-07-29T00:00:00Z,29869003,45,trustly,2022-01-26T12:04:21Z,2022-01-26T12:04:50Z,,deposit,2000
1675882,SWE,1997-07-29T00:00:00Z,29865166,45,trustly,2022-01-26T10:50:44Z,2022-01-26T10:51:14Z,,deposit,1000
1677043,SWE,2003-06-07T00:00:00Z,29881900,45,trustly,2022-01-26T16:00:43Z,2022-01-26T16:01:37Z,,deposit,100
1677043,SWE,2003-06-07T00:00:00Z,29845363,45,trustly,2022-01-26T01:05:05Z,2022-01-26T01:06:02Z,,deposit,100
1677043,SWE,2003-06-07T00:00:00Z,29846512,45,trustly,2022-01-26T01:38:42Z,2022-01-26T01:39:21Z,,deposit,100
1664431,JPN,2001-04-08T00:00:00Z,32950099,86,venuspoint,2022-03-27T15:25:10Z,2022-03-27T15:25:12Z,,deposit,30
1664431,JPN,2001-04-08T00:00:00Z,32951161,87,venuspoint_withdrawal,2022-03-27T15:41:14Z,,,withdrawal,45
1676026,JPN,1992-07-16T00:00:00Z,33160054,41,apco,2022-03-31T02:46:01Z,2022-03-31T02:47:08Z,,deposit,30
1666345,FIN,1987-06-11T00:00:00Z,33193414,45,trustly,2022-03-31T16:04:36Z,2022-03-31T16:06:02Z,,deposit,20
1676026,JPN,1992-07-16T00:00:00Z,33162220,36,ecopayz_withdrawal,2022-03-31T04:48:29Z,,,withdrawal,43
1675882,SWE,1997-07-29T00:00:00Z,29838541,47,trustly_withdrawal,2022-01-25T22:53:19Z,,,withdrawal,11000
1677004,SWE,1969-08-12T00:00:00Z,29841967,47,trustly_withdrawal,2022-01-25T23:50:33Z,,,withdrawal,100
1671766,FIN,1970-11-17T00:00:00Z,29816944,47,trustly_withdrawal,2022-01-25T17:20:44Z,,,withdrawal,230
1675471,JPN,1976-01-29T00:00:00Z,29779654,100,jpay,2022-01-25T05:54:56Z,2022-01-25T10:03:08Z,,deposit,50
1675471,JPN,1976-01-29T00:00:00Z,29773129,100,jpay,2022-01-25T02:05:59Z,,,deposit,50
1676026,JPN,1992-07-16T00:00:00Z,29793721,35,ecopayz,2022-01-25T11:01:33Z,2022-01-25T11:01:45Z,,deposit,10
1676026,JPN,1992-07-16T00:00:00Z,29769142,35,ecopayz,2022-01-25T00:25:19Z,2022-01-25T00:25:49Z,,deposit,25
1676026,JPN,1992-07-16T00:00:00Z,29793655,35,ecopayz,2022-01-25T11:00:39Z,2022-01-25T11:01:10Z,,deposit,10
1676026,JPN,1992-07-16T00:00:00Z,29808820,35,ecopayz,2022-01-25T15:13:38Z,2022-01-25T15:13:53Z,,deposit,30
1676182,SWE,1988-12-14T00:00:00Z,29779933,45,trustly,2022-01-25T06:02:20Z,,,deposit,250
1675882,SWE,1997-07-29T00:00:00Z,29837128,45,trustly,2022-01-25T22:29:21Z,,,deposit,250
1671766,FIN,1970-11-17T00:00:00Z,29813257,45,trustly,2022-01-25T16:20:46Z,2022-01-25T16:22:36Z,,deposit,50
1677004,SWE,1969-08-12T00:00:00Z,29841409,45,trustly,2022-01-25T23:40:50Z,2022-01-25T23:42:01Z,,deposit,100
1671589,SWE,1989-08-31T00:00:00Z,29822944,45,trustly,2022-01-25T18:50:12Z,2022-01-25T18:50:45Z,,deposit,100
1671589,SWE,1989-08-31T00:00:00Z,29821534,45,trustly,2022-01-25T18:29:54Z,2022-01-25T18:30:29Z,,deposit,200
1676230,SWE,1995-11-23T00:00:00Z,29783602,45,trustly,2022-01-25T07:41:16Z,2022-01-25T07:42:08Z,,deposit,250
1676230,SWE,1995-11-23T00:00:00Z,29783311,45,trustly,2022-01-25T07:34:17Z,2022-01-25T07:35:17Z,,deposit,250
1675882,SWE,1997-07-29T00:00:00Z,29838097,45,trustly,2022-01-25T22:44:36Z,2022-01-25T22:45:06Z,,deposit,2100
1675882,SWE,1997-07-29T00:00:00Z,29837407,45,trustly,2022-01-25T22:33:18Z,2022-01-25T22:33:49Z,,deposit,1380
1675882,SWE,1997-07-29T00:00:00Z,29836591,45,trustly,2022-01-25T22:20:58Z,2022-01-25T22:21:45Z,,deposit,250
1675882,SWE,1997-07-29T00:00:00Z,29836942,45,trustly,2022-01-25T22:26:05Z,2022-01-25T22:26:36Z,,deposit,620
1675882,SWE,1997-07-29T00:00:00Z,29839480,45,trustly,2022-01-25T23:07:40Z,2022-01-25T23:08:12Z,,deposit,200
1675882,SWE,1997-07-29T00:00:00Z,29840074,45,trustly,2022-01-25T23:17:07Z,2022-01-25T23:17:41Z,,deposit,2025
1675882,SWE,1997-07-29T00:00:00Z,29838913,45,trustly,2022-01-25T22:59:46Z,2022-01-25T23:00:21Z,,deposit,2000
1675882,SWE,1997-07-29T00:00:00Z,29837140,45,trustly,2022-01-25T22:29:37Z,2022-01-25T22:31:22Z,,deposit,1000
1676026,JPN,1992-07-16T00:00:00Z,29794183,36,ecopayz_withdrawal,2022-01-25T11:09:10Z,,,withdrawal,30
1659589,SWE,1967-07-26T00:00:00Z,28967950,47,trustly_withdrawal,2022-01-07T10:25:27Z,,,withdrawal,600
1660777,SWE,2000-03-21T00:00:00Z,28996480,45,trustly,2022-01-07T20:30:03Z,2022-01-07T20:31:00Z,,deposit,250
1660777,SWE,2000-03-21T00:00:00Z,28998097,45,trustly,2022-01-07T21:00:21Z,2022-01-07T21:00:58Z,,deposit,250
1666345,FIN,1987-06-11T00:00:00Z,31734970,45,trustly,2022-03-03T15:40:02Z,2022-03-03T15:42:11Z,,deposit,150
1676026,JPN,1992-07-16T00:00:00Z,31757599,35,ecopayz,2022-03-03T22:31:50Z,2022-03-03T22:32:38Z,,deposit,30
1680250,SWE,1957-08-26T00:00:00Z,31719058,45,trustly,2022-03-03T09:36:50Z,2022-03-03T09:37:39Z,,deposit,200
1676026,JPN,1992-07-16T00:00:00Z,31758283,36,ecopayz_withdrawal,2022-03-03T22:49:05Z,,,withdrawal,32
1676026,JPN,1992-07-16T00:00:00Z,31707163,41,apco,2022-03-03T00:31:39Z,,,deposit,30
1666345,FIN,1987-06-11T00:00:00Z,31734904,45,trustly,2022-03-03T15:38:57Z,,,deposit,25
1676026,JPN,1992-07-16T00:00:00Z,31734178,41,apco,2022-03-03T15:24:09Z,,,deposit,30
1676026,JPN,1992-07-16T00:00:00Z,33790198,35,ecopayz,2022-04-11T15:33:10Z,2022-04-11T15:33:32Z,,deposit,30
1666345,FIN,1987-06-11T00:00:00Z,33788527,45,trustly,2022-04-11T15:01:28Z,2022-04-11T15:05:34Z,,deposit,200
1666345,FIN,1987-06-11T00:00:00Z,33796387,45,trustly,2022-04-11T17:41:16Z,2022-04-11T17:43:32Z,,deposit,10
1664431,JPN,2001-04-08T00:00:00Z,34471498,86,venuspoint,2022-04-25T15:33:15Z,2022-04-25T15:33:16Z,,deposit,100
1664431,JPN,2001-04-08T00:00:00Z,34472188,87,venuspoint_withdrawal,2022-04-25T15:42:43Z,,,withdrawal,134
1676026,JPN,1992-07-16T00:00:00Z,34469230,35,ecopayz,2022-04-25T15:04:34Z,2022-04-25T15:04:57Z,,deposit,30
1664431,JPN,2001-04-08T00:00:00Z,29656120,86,venuspoint,2022-01-22T12:44:40Z,2022-01-22T12:44:42Z,,deposit,144
1674106,SWE,1987-08-16T00:00:00Z,29679610,47,trustly_withdrawal,2022-01-22T22:03:06Z,,,withdrawal,700
1673746,SWE,1989-07-06T00:00:00Z,29662261,47,trustly_withdrawal,2022-01-22T15:21:06Z,,,withdrawal,2000
1670284,SWE,1991-03-10T00:00:00Z,29640700,47,trustly_withdrawal,2022-01-22T01:35:46Z,,,withdrawal,601
1664431,JPN,2001-04-08T00:00:00Z,29640781,87,venuspoint_withdrawal,2022-01-22T01:40:25Z,,,withdrawal,67
1673404,JPN,1978-05-23T00:00:00Z,29653489,100,jpay,2022-01-22T11:33:47Z,2022-01-23T09:22:39Z,,deposit,10.03
1673842,SWE,1982-10-28T00:00:00Z,29665042,45,trustly,2022-01-22T16:26:27Z,2022-01-22T16:27:22Z,,deposit,500
1673842,SWE,1982-10-28T00:00:00Z,29666815,45,trustly,2022-01-22T17:11:19Z,2022-01-22T17:12:13Z,,deposit,500
1673800,SWE,1985-05-18T00:00:00Z,29663461,45,trustly,2022-01-22T15:49:08Z,2022-01-22T15:49:52Z,,deposit,200
1670284,SWE,1991-03-10T00:00:00Z,29640166,45,trustly,2022-01-22T01:11:55Z,2022-01-22T01:12:28Z,,deposit,250
1670284,SWE,1991-03-10T00:00:00Z,29639725,45,trustly,2022-01-22T00:50:59Z,2022-01-22T00:51:39Z,,deposit,250
1670284,SWE,1991-03-10T00:00:00Z,29640514,45,trustly,2022-01-22T01:27:29Z,2022-01-22T01:28:07Z,,deposit,250
1670284,SWE,1991-03-10T00:00:00Z,29638564,45,trustly,2022-01-22T00:11:35Z,2022-01-22T00:12:20Z,,deposit,300
1674073,SWE,2003-10-06T00:00:00Z,29676916,45,trustly,2022-01-22T20:55:25Z,2022-01-22T20:56:48Z,,deposit,100
1671589,SWE,1989-08-31T00:00:00Z,29671753,45,trustly,2022-01-22T19:02:32Z,2022-01-22T19:03:05Z,,deposit,100
1671589,SWE,1989-08-31T00:00:00Z,29657293,45,trustly,2022-01-22T13:13:27Z,2022-01-22T13:14:02Z,,deposit,100
1671589,SWE,1989-08-31T00:00:00Z,29656984,45,trustly,2022-01-22T13:04:19Z,2022-01-22T13:04:52Z,,deposit,100
1673746,SWE,1989-07-06T00:00:00Z,29661538,45,trustly,2022-01-22T15:02:03Z,2022-01-22T15:02:51Z,,deposit,2000
1674106,SWE,1987-08-16T00:00:00Z,29678314,45,trustly,2022-01-22T21:29:33Z,2022-01-22T21:30:06Z,,deposit,100
1663339,JPN,1992-11-19T00:00:00Z,29677711,36,ecopayz_withdrawal,2022-01-22T21:14:32Z,,,withdrawal,85
1657102,JPN,2003-08-26T00:00:00Z,28814692,100,jpay,2022-01-04T00:59:15Z,,,deposit,60
1657102,JPN,2003-08-26T00:00:00Z,28820740,100,jpay,2022-01-04T07:34:21Z,2022-01-04T08:07:33Z,,deposit,60
1654897,SWE,1966-03-02T00:00:00Z,28831789,45,trustly,2022-01-04T13:18:13Z,2022-01-04T13:18:45Z,,deposit,500
1681873,SWE,1989-04-28T00:00:00Z,30101875,45,trustly,2022-01-29T22:01:50Z,2022-01-29T22:02:37Z,,deposit,100
1681438,SWE,1976-07-20T00:00:00Z,30081451,45,trustly,2022-01-29T15:47:59Z,2022-01-29T15:48:38Z,,deposit,150
1681438,SWE,1976-07-20T00:00:00Z,30082384,47,trustly_withdrawal,2022-01-29T16:04:18Z,,,withdrawal,350
1677448,JPN,1974-03-25T00:00:00Z,30107617,41,apco,2022-01-29T23:50:30Z,,,deposit,100
1677448,JPN,1974-03-25T00:00:00Z,30107713,41,apco,2022-01-29T23:52:03Z,,2022-01-29T23:53:28Z,deposit,100
1681855,SWE,1998-09-15T00:00:00Z,30101320,45,trustly,2022-01-29T21:52:14Z,,,deposit,250
1666345,FIN,1987-06-11T00:00:00Z,32831455,45,trustly,2022-03-25T21:36:52Z,2022-03-25T21:38:55Z,,deposit,40
1673842,SWE,1982-10-28T00:00:00Z,31377241,45,trustly,2022-02-25T18:33:58Z,,,deposit,2000
1666345,FIN,1987-06-11T00:00:00Z,31391968,45,trustly,2022-02-25T21:46:35Z,2022-02-25T21:48:46Z,,deposit,50
1666345,FIN,1987-06-11T00:00:00Z,31399768,45,trustly,2022-02-25T23:48:00Z,2022-02-25T23:50:10Z,,deposit,10
